{
  "best_model_name": "Linear SVM",
  "accuracy": 0.8829795899846816,
  "all_results": {
    "Model": {
      "0": "Logistic Regression",
      "1": "Linear SVM",
      "2": "Naive Bayes",
      "3": "Random Forest"
    },
    "Accuracy": {
      "0": 0.8514931396287329,
      "1": 0.8803470540758677,
      "2": 0.847457627118644,
      "3": 0.8789346246973365
    },
    "F1-Score (Macro)": {
      "0": 0.7201766099949776,
      "1": 0.7151010524843103,
      "2": 0.5178668650045125,
      "3": 0.7343855379702949
    },
    "F1-Score (Weighted)": {
      "0": 0.8676313779055166,
      "1": 0.8829795899846816,
      "2": 0.8109316521520458,
      "3": 0.8823441332171945
    }
  }
}